movieId,Adventure,Comedy,Action,Drama,Crime,Children,Mystery,Documentary,Animation,Thriller,Horror,Fantasy,Western,Film-Noir,Romance,War,Sci-Fi,Musical,IMAX
1.0,0.05776047334074974,0.06420696526765823,0.038857102394104004,0.03778805956244469,0.04354258254170418,0.11295679956674576,0.018890051171183586,0.0,0.0923699140548706,0.058652978390455246,0.021208027377724648,0.015757381916046143,0.1326719969511032,0.13367128372192383,0.026082243770360947,0.04760424420237541,0.03658229112625122,0.0317065566778183,0.029691118746995926
